latitude,longitude,bright_ti4,scan,track,acq_date,acq_time,satellite,instrument,confidence,version,bright_ti5,frp,daynight
-39.02195,-71.29148,317.16,0.54,0.47,2020-11-03,1724,N,VIIRS,n,2,299.14,18.85,D
-38.64605,-69.82461,335.17,0.49,0.39,2020-11-03,1818,N,VIIRS,n,2,280.42,4.97,D
-39.03915,-70.03448,333.98,0.47,0.37,2020-11-05,1730,N,VIIRS,n,2,299.12,2.98,D
-39.15184,-71.15641,322.32,0.51,0.45,2020-11-05,1747,N,VIIRS,l,2,295.53,11.94,D
-37.77656,-71.13678,348.92,0.52,0.42,2020-11-06,1804,N,VIIRS,n,2,294.15,25.85,D
-38.13669,-70.32318,328.61,0.56,0.36,2020-11-07,1700,N,VIIRS,n,2,296.91,1.69,D
-40.70294,-71.71882,338.00,0.51,0.44,2020-11-08,546,N,VIIRS,l,2,284.69,5.55,N
-39.17175,-70.21518,332.58,0.58,0.39,2020-11-11,402,N,VIIRS,n,2,288.47,19.96,N
-37.81944,-71.19358,325.81,0.43,0.40,2020-11-21,1806,N,VIIRS,n,2,286.90,19.66,D
-40.11164,-71.45911,322.42,0.44,0.45,2020-11-22,502,N,VIIRS,l,2,293.57,16.96,N
-39.38245,-70.38304,360.03,0.52,0.45,2020-11-26,525,N,VIIRS,n,2,300.20,29.78,N
-38.83575,-71.10112,330.39,0.54,0.43,2020-11-26,530,N,VIIRS,n,2,283.76,16.54,N
-39.22022,-69.94134,305.97,0.43,0.39,2020-11-28,530,N,VIIRS,n,2,301.15,2.29,N
-39.03475,-71.24613,359.73,0.43,0.45,2020-11-28,1804,N,VIIRS,n,2,297.68,15.62,D
-38.90608,-71.15204,335.68,0.56,0.45,2020-12-03,1850,N,VIIRS,n,2,290.60,19.44,D
-40.10909,-71.30453,349.92,0.59,0.37,2020-12-04,1835,N,VIIRS,n,2,300.27,11.93,D
-39.10730,-71.03270,340.19,0.45,0.47,2020-12-08,1829,N,VIIRS,n,2,288.83,6.95,D
-39.16729,-71.22728,363.80,0.40,0.47,2020-12-09,459,N,VIIRS,n,2,286.88,17.13,N
-40.16826,-71.31196,305.70,0.54,0.41,2020-12-09,1815,N,VIIRS,n,2,285.45,16.49,D
-38.70401,-70.07684,312.00,0.44,0.43,2020-12-10,426,N,VIIRS,h,2,295.84,5.81,N
-39.20301,-71.18187,311.66,0.41,0.36,2020-12-11,1820,N,VIIRS,n,2,291.43,13.08,D
-38.50878,-70.32425,327.57,0.46,0.37,2020-12-13,409,N,VIIRS,l,2,287.34,23.29,N
-40.05793,-71.41869,361.08,0.44,0.47,2020-12-15,445,N,VIIRS,n,2,297.55,28.87,N
-38.85705,-69.84309,321.66,0.55,0.49,2020-12-18,524,N,VIIRS,n,2,283.63,19.12,N
-38.88360,-71.21808,340.07,0.49,0.41,2020-12-19,1842,N,VIIRS,n,2,293.24,28.43,D
-39.20022,-70.88853,308.97,0.45,0.36,2020-12-26,452,N,VIIRS,n,2,285.41,23.28,N
-39.98279,-71.02878,338.02,0.49,0.40,2020-12-31,536,N,VIIRS,n,2,285.72,15.81,N
-40.14253,-71.49484,305.81,0.47,0.46,2021-01-06,1753,N,VIIRS,l,2,292.73,8.69,D
-37.93382,-71.17054,359.31,0.41,0.45,2021-01-09,455,N,VIIRS,h,2,296.05,3.25,N
-39.00808,-71.14076,305.38,0.48,0.47,2021-01-09,455,N,VIIRS,n,2,293.85,26.15,N
-39.71179,-71.41952,330.97,0.44,0.47,2021-01-10,523,N,VIIRS,h,2,284.03,28.72,N
-38.97687,-71.05622,324.55,0.41,0.43,2021-01-12,407,N,VIIRS,n,2,285.81,13.45,N
-37.76337,-71.00902,347.06,0.58,0.45,2021-01-12,1828,N,VIIRS,n,2,296.97,26.57,D
-38.86098,-71.18742,363.04,0.59,0.44,2021-01-13,435,N,VIIRS,n,2,286.83,24.44,N
-39.17396,-71.02846,354.09,0.45,0.47,2021-01-15,1857,N,VIIRS,l,2,287.07,9.27,D
-37.77568,-71.19219,358.98,0.44,0.40,2021-01-16,551,N,VIIRS,n,2,294.59,7.99,N
-39.14605,-70.86813,358.88,0.53,0.46,2021-01-17,1851,N,VIIRS,l,2,284.80,16.36,D
-39.32253,-71.00212,356.17,0.45,0.39,2021-01-18,457,N,VIIRS,n,2,289.10,3.40,N
-37.85938,-71.05780,311.36,0.42,0.46,2021-01-18,1735,N,VIIRS,n,2,299.91,22.70,D
-37.93991,-71.13780,364.61,0.52,0.50,2021-01-20,425,N,VIIRS,n,2,284.16,29.06,N
-40.06615,-71.30459,321.19,0.47,0.48,2021-01-20,433,N,VIIRS,h,2,301.27,5.29,N
-40.13835,-71.42295,329.07,0.52,0.41,2021-01-20,1720,N,VIIRS,l,2,297.38,7.99,D
-37.85245,-70.97175,365.13,0.45,0.42,2021-01-23,521,N,VIIRS,n,2,285.10,6.50,N
-38.93502,-71.28003,328.50,0.42,0.37,2021-01-23,1847,N,VIIRS,h,2,296.83,23.87,D
-38.83308,-71.11820,350.67,0.55,0.38,2021-01-24,1712,N,VIIRS,l,2,285.51,16.32,D
-40.04453,-71.45048,336.57,0.49,0.43,2021-01-24,1718,N,VIIRS,n,2,284.28,2.57,D
-40.16137,-71.45205,357.18,0.42,0.48,2021-01-30,453,N,VIIRS,n,2,292.86,6.25,N
-38.84148,-71.20485,312.90,0.47,0.42,2021-01-30,525,N,VIIRS,n,2,282.46,2.05,N
-39.27290,-71.16987,324.15,0.54,0.37,2021-01-30,1744,N,VIIRS,n,2,298.23,9.33,D
-38.98745,-71.12407,337.44,0.47,0.49,2021-01-30,1835,N,VIIRS,n,2,285.40,6.26,D
-40.80761,-71.66000,310.49,0.49,0.48,2021-02-02,409,N,VIIRS,l,2,282.21,27.16,N
-39.37114,-69.95131,344.61,0.48,0.49,2021-02-15,1711,N,VIIRS,n,2,283.28,21.89,D
-39.01633,-71.17608,322.40,0.40,0.49,2021-02-16,457,N,VIIRS,n,2,293.39,8.83,N
-37.92163,-71.12835,312.59,0.47,0.39,2021-02-16,525,N,VIIRS,h,2,291.68,29.97,N
-38.93165,-71.28339,318.31,0.55,0.39,2021-02-17,533,N,VIIRS,l,2,292.98,18.34,N
-39.27611,-71.06622,327.65,0.44,0.41,2021-02-18,1803,N,VIIRS,h,2,295.69,24.71,D
-40.71617,-71.70544,366.13,0.59,0.43,2021-02-23,541,N,VIIRS,n,2,293.29,27.25,N
-37.93088,-71.02827,365.65,0.51,0.45,2021-02-25,542,N,VIIRS,n,2,285.64,9.67,N
-39.36526,-71.21833,335.65,0.41,0.42,2021-02-26,425,N,VIIRS,n,2,283.25,20.93,N
-40.15153,-71.39287,347.96,0.46,0.47,2021-02-26,517,N,VIIRS,l,2,285.88,4.16,N
-39.25797,-71.11399,346.51,0.46,0.49,2021-02-27,515,N,VIIRS,n,2,283.23,2.68,N
-38.56217,-70.29030,314.48,0.51,0.47,2021-03-04,531,N,VIIRS,l,2,295.35,20.38,N
-39.82673,-71.21583,360.63,0.51,0.43,2021-03-04,1736,N,VIIRS,l,2,290.11,19.38,D
-38.86446,-71.08454,336.31,0.40,0.40,2021-03-05,404,N,VIIRS,n,2,289.64,24.44,N
-38.61946,-70.25893,311.63,0.48,0.48,2021-03-16,1711,N,VIIRS,n,2,296.98,22.35,D
-37.84198,-71.04454,329.62,0.53,0.40,2021-03-20,1838,N,VIIRS,n,2,280.03,12.40,D
-37.83985,-71.03703,321.65,0.60,0.41,2021-03-22,1856,N,VIIRS,n,2,300.57,20.82,D
-39.36791,-71.26217,344.73,0.55,0.41,2021-03-23,1712,N,VIIRS,l,2,283.84,5.16,D
-37.79197,-71.05581,320.09,0.54,0.38,2021-03-23,1802,N,VIIRS,l,2,283.09,21.54,D
-39.79525,-71.40158,328.88,0.44,0.41,2021-03-24,1848,N,VIIRS,n,2,294.83,2.25,D
-37.93418,-71.02484,329.30,0.52,0.39,2021-03-25,1833,N,VIIRS,l,2,281.04,26.90,D
-37.61134,-70.12731,341.82,0.43,0.49,2021-03-31,1726,N,VIIRS,n,2,297.55,2.16,D
-39.35562,-70.33991,356.72,0.39,0.44,2021-11-01,1748,N,VIIRS,n,2,296.90,19.02,D
-39.33605,-71.22135,351.42,0.40,0.49,2021-11-04,504,N,VIIRS,h,2,301.79,24.87,N
-37.99759,-70.49525,306.38,0.41,0.46,2021-11-07,411,N,VIIRS,n,2,287.74,23.19,N
-39.81042,-71.12734,347.74,0.58,0.38,2021-11-07,550,N,VIIRS,h,2,282.05,13.71,N
-37.84974,-70.97066,342.82,0.40,0.37,2021-11-08,401,N,VIIRS,h,2,293.82,26.80,N
-37.92331,-71.17485,317.65,0.47,0.45,2021-11-13,557,N,VIIRS,h,2,294.55,15.29,N
-38.90580,-70.00755,340.03,0.57,0.42,2021-11-13,1822,N,VIIRS,h,2,284.69,10.71,D
-40.10178,-71.43198,342.71,0.50,0.42,2021-11-14,418,N,VIIRS,h,2,298.17,15.56,N
-38.84882,-71.08215,350.86,0.59,0.47,2021-11-15,450,N,VIIRS,n,2,296.21,2.09,N
-37.55131,-70.47456,324.75,0.54,0.45,2021-11-16,422,N,VIIRS,h,2,286.81,10.90,N
-37.92743,-71.16689,309.58,0.47,0.43,2021-11-20,1722,N,VIIRS,l,2,298.74,26.81,D
-38.92218,-71.32001,358.79,0.42,0.37,2021-11-20,1846,N,VIIRS,h,2,298.85,17.54,D
-39.04456,-69.93753,312.40,0.46,0.49,2021-11-21,559,N,VIIRS,h,2,282.49,6.45,N
-37.92258,-70.39684,360.89,0.50,0.39,2021-11-22,512,N,VIIRS,l,2,287.97,11.66,N
-39.36701,-70.91739,348.95,0.49,0.43,2021-11-25,1710,N,VIIRS,n,2,284.07,20.29,D
-38.12294,-69.92747,323.75,0.48,0.48,2021-11-27,419,N,VIIRS,h,2,281.38,6.47,N
-38.87303,-70.52844,350.11,0.49,0.37,2021-11-28,557,N,VIIRS,h,2,280.55,4.91,N
-37.79043,-71.12769,317.88,0.48,0.43,2021-11-30,454,N,VIIRS,n,2,288.39,20.91,N
-37.64009,-69.95132,343.87,0.55,0.41,2021-12-01,1824,N,VIIRS,h,2,294.01,16.47,D
-39.38767,-70.54028,354.87,0.49,0.41,2021-12-03,1742,N,VIIRS,n,2,281.01,2.27,D
-38.95054,-70.10012,345.67,0.40,0.40,2021-12-05,1720,N,VIIRS,n,2,289.44,29.88,D
-40.15212,-71.43713,330.35,0.45,0.48,2021-12-09,542,N,VIIRS,l,2,297.36,21.93,N
-40.04777,-71.44586,325.59,0.57,0.41,2021-12-17,508,N,VIIRS,n,2,282.84,28.78,N
-39.15292,-70.97683,329.87,0.58,0.44,2021-12-20,513,N,VIIRS,l,2,300.41,23.36,N
-38.90419,-71.28482,305.93,0.59,0.41,2021-12-22,449,N,VIIRS,n,2,289.46,28.04,N
-39.03429,-71.15179,339.35,0.53,0.50,2021-12-23,524,N,VIIRS,l,2,298.95,24.72,N
-38.91634,-69.89828,321.70,0.44,0.46,2021-12-23,1832,N,VIIRS,n,2,295.06,18.05,D
-38.54721,-69.87744,365.57,0.52,0.41,2021-12-28,1853,N,VIIRS,n,2,300.13,16.15,D
-40.67060,-71.55593,325.27,0.49,0.49,2021-12-30,449,N,VIIRS,n,2,285.62,4.94,N
-38.92706,-70.31273,326.14,0.50,0.38,2021-12-31,449,N,VIIRS,n,2,286.01,21.74,N
-38.91266,-71.26770,348.52,0.52,0.40,2022-01-08,411,N,VIIRS,n,2,285.03,19.66,N
-39.25707,-70.96618,346.33,0.40,0.49,2022-01-13,443,N,VIIRS,h,2,297.85,15.63,N
-40.11624,-71.42407,346.21,0.44,0.44,2022-01-13,445,N,VIIRS,n,2,295.18,14.72,N
-40.78828,-71.71676,348.40,0.44,0.42,2022-01-14,513,N,VIIRS,n,2,295.36,3.32,N
-38.98533,-71.24709,336.53,0.50,0.43,2022-01-15,412,N,VIIRS,l,2,301.55,26.28,N
-38.86202,-71.26271,335.19,0.55,0.39,2022-01-17,552,N,VIIRS,h,2,297.43,19.20,N
-39.84084,-71.23470,335.18,0.50,0.43,2022-01-18,529,N,VIIRS,l,2,289.74,4.55,N
-37.85683,-71.04005,334.23,0.57,0.43,2022-01-19,404,N,VIIRS,n,2,285.96,15.57,N
-39.03782,-71.15334,316.46,0.45,0.42,2022-01-19,416,N,VIIRS,n,2,287.03,26.19,N
-37.77267,-71.08470,337.21,0.60,0.44,2022-01-20,1855,N,VIIRS,n,2,293.60,11.23,D
-37.85695,-71.04086,336.78,0.57,0.38,2022-01-24,1813,N,VIIRS,l,2,283.53,17.07,D
-38.94549,-71.21807,326.16,0.43,0.42,2022-01-26,1720,N,VIIRS,l,2,298.64,6.92,D
-40.18245,-71.36014,350.01,0.43,0.37,2022-01-27,433,N,VIIRS,n,2,301.17,8.66,N
-39.32253,-71.27392,357.86,0.53,0.44,2022-01-27,532,N,VIIRS,h,2,281.69,3.71,N
-39.14475,-70.92808,310.79,0.45,0.46,2022-01-28,1759,N,VIIRS,n,2,288.29,16.60,D
-39.03067,-71.21481,362.70,0.51,0.48,2022-01-30,1845,N,VIIRS,n,2,292.18,27.28,D
-37.77526,-71.09354,337.25,0.49,0.49,2022-02-01,1802,N,VIIRS,n,2,295.66,4.61,D
-40.14034,-71.48983,317.74,0.46,0.37,2022-02-03,429,N,VIIRS,l,2,296.99,16.98,N
-37.79217,-71.11140,320.94,0.49,0.37,2022-02-03,446,N,VIIRS,n,2,289.74,24.40,N
-38.86201,-71.08735,360.94,0.58,0.50,2022-02-13,1836,N,VIIRS,n,2,284.39,27.96,D
-37.92029,-70.97779,349.00,0.45,0.47,2022-02-14,543,N,VIIRS,l,2,297.13,23.04,N
-38.26332,-69.99727,313.04,0.54,0.41,2022-02-15,1754,N,VIIRS,n,2,298.39,16.24,D
-39.11769,-71.26702,362.69,0.54,0.37,2022-02-16,1851,N,VIIRS,n,2,292.27,3.26,D
-39.00086,-70.07517,334.20,0.46,0.37,2022-02-22,1745,N,VIIRS,n,2,281.09,27.34,D
-37.84664,-71.04978,309.71,0.43,0.46,2022-02-22,1755,N,VIIRS,l,2,287.34,9.86,D
-38.88096,-71.22627,325.02,0.59,0.36,2022-02-24,402,N,VIIRS,n,2,294.95,23.22,N
-38.63372,-69.88469,352.94,0.59,0.39,2022-02-24,528,N,VIIRS,n,2,285.62,2.03,N
-38.90923,-71.09869,313.51,0.59,0.49,2022-02-24,533,N,VIIRS,n,2,290.95,2.54,N
-37.60674,-70.06805,366.79,0.53,0.39,2022-02-26,537,N,VIIRS,n,2,280.98,16.42,N
-39.35979,-71.01571,329.27,0.43,0.47,2022-02-26,1812,N,VIIRS,n,2,299.72,24.65,D
-38.69918,-70.05597,331.55,0.51,0.39,2022-02-28,454,N,VIIRS,n,2,283.01,8.28,N
-37.98965,-69.98698,345.92,0.47,0.37,2022-02-28,1758,N,VIIRS,h,2,280.84,26.16,D
-37.85779,-71.02979,312.18,0.41,0.45,2022-03-01,407,N,VIIRS,n,2,287.39,1.60,N
-39.00761,-70.08542,335.65,0.50,0.36,2022-03-03,1711,N,VIIRS,n,2,293.81,8.47,D
-39.29876,-70.87122,354.83,0.43,0.45,2022-03-05,414,N,VIIRS,n,2,287.54,19.92,N
-38.73678,-70.42476,363.17,0.56,0.45,2022-03-05,1723,N,VIIRS,n,2,293.45,18.34,D
-39.13578,-70.23713,335.94,0.49,0.40,2022-03-06,405,N,VIIRS,n,2,291.10,12.58,N
-38.73259,-70.05752,307.10,0.57,0.41,2022-03-06,1832,N,VIIRS,n,2,291.01,7.87,D
-39.75797,-71.35345,315.26,0.42,0.41,2022-03-07,1754,N,VIIRS,n,2,292.06,14.94,D
-39.13475,-69.95836,361.68,0.47,0.41,2022-03-11,551,N,VIIRS,h,2,290.16,11.96,N
-40.16727,-71.29203,307.17,0.44,0.42,2022-03-12,1851,N,VIIRS,n,2,291.21,5.05,D
-39.16956,-70.99614,316.17,0.45,0.40,2022-03-14,536,N,VIIRS,n,2,280.67,25.40,N
-38.39574,-70.09184,306.10,0.56,0.48,2022-03-16,1749,N,VIIRS,n,2,300.24,25.24,D
-38.68991,-69.93015,360.80,0.59,0.49,2022-03-19,513,N,VIIRS,h,2,301.58,2.21,N
-37.94372,-71.08223,317.28,0.49,0.41,2022-03-23,411,N,VIIRS,h,2,282.94,8.88,N
-37.89347,-70.57040,330.12,0.54,0.43,2022-03-23,1745,N,VIIRS,n,2,295.46,4.68,D
-39.18435,-71.14997,351.49,0.39,0.41,2022-03-24,1809,N,VIIRS,n,2,294.72,20.93,D
-38.81606,-71.28856,348.97,0.41,0.40,2022-03-24,1816,N,VIIRS,n,2,281.11,7.79,D
-39.36423,-71.17943,332.96,0.43,0.40,2022-03-27,508,N,VIIRS,n,2,280.60,19.59,N
-39.20742,-71.21538,342.26,0.42,0.44,2022-03-28,1712,N,VIIRS,n,2,294.97,23.09,D
-37.92157,-71.09127,349.25,0.45,0.43,2022-03-31,455,N,VIIRS,n,2,297.28,12.76,N
-38.26870,-70.32174,307.80,0.57,0.47,2022-11-01,402,N,VIIRS,h,2,292.88,11.88,N
-38.69642,-69.89587,314.15,0.53,0.49,2022-11-04,1723,N,VIIRS,n,2,294.07,2.16,D
-40.69658,-71.78256,315.81,0.41,0.50,2022-11-04,1821,N,VIIRS,n,2,293.15,22.89,D
-39.34915,-71.36096,365.39,0.42,0.47,2022-11-15,429,N,VIIRS,l,2,297.67,26.87,N
-39.24340,-70.89457,308.98,0.51,0.43,2022-11-16,400,N,VIIRS,n,2,288.62,6.47,N
-37.94455,-71.07698,315.13,0.52,0.45,2022-11-16,548,N,VIIRS,l,2,286.02,10.10,N
-37.80007,-69.94380,331.52,0.41,0.48,2022-11-18,437,N,VIIRS,h,2,296.46,14.54,N
-37.81319,-71.00075,345.00,0.44,0.50,2022-11-20,1848,N,VIIRS,h,2,284.30,27.22,D
-39.16103,-70.58453,366.17,0.44,0.44,2022-11-21,1713,N,VIIRS,h,2,287.68,2.29,D
-37.82083,-71.04531,357.37,0.51,0.45,2022-11-21,1841,N,VIIRS,l,2,281.48,13.48,D
-40.04492,-71.38228,363.50,0.49,0.41,2022-11-22,420,N,VIIRS,n,2,292.28,29.84,N
-38.28684,-70.09719,363.47,0.41,0.39,2022-11-22,547,N,VIIRS,n,2,301.14,6.25,N
-37.88496,-71.15647,339.75,0.55,0.37,2022-11-23,1742,N,VIIRS,n,2,295.31,25.38,D
-38.39516,-69.89453,306.59,0.51,0.45,2022-11-24,541,N,VIIRS,h,2,289.25,18.80,N
-39.70873,-71.36316,363.38,0.47,0.42,2022-11-25,1718,N,VIIRS,l,2,290.66,24.47,D
-37.54834,-70.41156,312.24,0.55,0.50,2022-11-27,1702,N,VIIRS,n,2,295.16,26.57,D
-39.72970,-71.16862,354.57,0.57,0.37,2022-11-28,556,N,VIIRS,l,2,298.97,16.14,N
-38.41252,-69.84472,358.11,0.59,0.47,2022-12-01,500,N,VIIRS,n,2,290.74,15.82,N
-38.28518,-69.93796,359.76,0.48,0.36,2022-12-01,1800,N,VIIRS,n,2,287.97,3.90,D
-37.83746,-71.00867,330.72,0.42,0.36,2022-12-01,1837,N,VIIRS,n,2,298.42,12.50,D
-37.93554,-71.11861,320.15,0.53,0.47,2022-12-05,513,N,VIIRS,l,2,294.63,29.12,N
-37.88927,-71.00986,352.49,0.48,0.49,2022-12-05,518,N,VIIRS,l,2,280.90,17.58,N
-39.22649,-71.34806,336.95,0.54,0.39,2022-12-06,1725,N,VIIRS,l,2,287.59,5.26,D
-39.17258,-70.91901,355.06,0.55,0.36,2022-12-07,557,N,VIIRS,l,2,288.94,11.29,N
-38.76954,-69.80043,337.60,0.59,0.36,2022-12-07,1725,N,VIIRS,h,2,281.38,17.47,D
-40.77798,-71.59211,326.91,0.59,0.43,2022-12-07,1822,N,VIIRS,l,2,295.51,29.32,D
-38.88860,-69.82080,350.63,0.44,0.37,2022-12-09,431,N,VIIRS,l,2,282.93,13.35,N
-39.40821,-70.26016,320.22,0.48,0.41,2022-12-11,1742,N,VIIRS,n,2,288.10,6.06,D
-38.82367,-70.21475,345.60,0.41,0.39,2022-12-14,1831,N,VIIRS,n,2,283.91,24.73,D
-37.77078,-69.82334,309.02,0.51,0.44,2022-12-16,1819,N,VIIRS,n,2,296.77,19.08,D
-38.89307,-71.06343,322.94,0.46,0.41,2022-12-16,1847,N,VIIRS,h,2,287.84,17.69,D
-38.86865,-69.83523,350.45,0.58,0.43,2022-12-20,558,N,VIIRS,n,2,299.76,14.84,N
-39.95007,-71.25147,334.99,0.51,0.50,2022-12-21,1855,N,VIIRS,n,2,289.82,18.40,D
-37.86766,-71.02353,334.08,0.45,0.40,2022-12-23,1856,N,VIIRS,n,2,299.70,10.63,D
-37.75864,-70.40059,359.99,0.46,0.37,2022-12-28,538,N,VIIRS,n,2,288.84,17.17,N
-37.92957,-70.97649,362.57,0.41,0.40,2023-01-07,445,N,VIIRS,n,2,288.91,29.11,N
-39.74207,-71.19766,342.28,0.53,0.38,2023-01-07,535,N20,VIIRS,n,2,288.10,2.22,N
-40.71895,-71.60231,342.42,0.57,0.46,2023-01-09,436,N20,VIIRS,l,2,300.45,13.24,N
-37.76846,-71.13653,357.02,0.46,0.46,2023-01-12,444,N20,VIIRS,n,2,295.41,29.04,N
-40.13536,-71.41544,358.15,0.60,0.48,2023-01-12,458,N20,VIIRS,n,2,282.97,8.83,N
-38.95580,-71.07669,330.64,0.49,0.48,2023-01-17,1733,N20,VIIRS,h,2,296.55,9.33,D
-37.85964,-71.05064,314.24,0.41,0.42,2023-01-17,1737,N,VIIRS,n,2,290.52,9.06,D
-39.35183,-71.21103,363.07,0.47,0.49,2023-01-18,1831,N20,VIIRS,l,2,300.00,19.36,D
-40.14423,-71.27403,362.03,0.51,0.41,2023-01-19,1735,N20,VIIRS,h,2,288.37,7.54,D
-40.10055,-71.47145,309.64,0.56,0.43,2023-01-21,1717,N,VIIRS,n,2,287.77,21.68,D
-38.98261,-71.24599,342.24,0.50,0.41,2023-01-22,1857,N,VIIRS,l,2,289.05,21.08,D
-40.75228,-71.71923,366.55,0.40,0.46,2023-01-25,454,N,VIIRS,n,2,283.50,15.62,N
-37.83238,-71.12122,343.63,0.51,0.48,2023-01-27,417,N20,VIIRS,n,2,284.14,12.22,N
-38.92470,-71.11434,333.03,0.51,0.48,2023-01-29,1832,N20,VIIRS,h,2,289.86,26.24,D
-37.89072,-71.09363,359.90,0.55,0.39,2023-01-30,1807,N,VIIRS,n,2,282.45,7.58,D
-37.92486,-70.98667,358.37,0.48,0.41,2023-01-31,1724,N20,VIIRS,n,2,300.24,29.81,D
-39.36604,-71.16882,346.12,0.57,0.47,2023-01-31,1813,N,VIIRS,n,2,296.59,10.95,D
-39.00121,-71.16377,321.97,0.54,0.45,2023-02-02,1740,N20,VIIRS,h,2,290.43,21.93,D
-37.81295,-70.99528,351.01,0.41,0.42,2023-02-02,1824,N20,VIIRS,n,2,293.11,12.96,D
-39.16903,-70.94838,321.46,0.39,0.48,2023-02-03,1727,N20,VIIRS,l,2,285.82,17.37,D
-39.27651,-70.91959,334.49,0.44,0.47,2023-02-14,1732,N20,VIIRS,n,2,286.30,16.67,D
-38.65351,-70.57008,361.78,0.59,0.44,2023-02-14,1850,N20,VIIRS,h,2,296.34,2.93,D
-39.15885,-70.33807,356.88,0.40,0.50,2023-02-17,420,N20,VIIRS,h,2,288.77,24.01,N
-38.56852,-70.36565,334.20,0.40,0.36,2023-02-19,514,N,VIIRS,n,2,291.74,4.08,N
-40.07808,-71.38551,306.15,0.59,0.46,2023-02-20,1734,N20,VIIRS,n,2,284.59,21.71,D
-38.85966,-71.33504,312.49,0.41,0.41,2023-02-20,1739,N,VIIRS,h,2,284.62,3.04,D
-38.49331,-70.40313,308.70,0.47,0.47,2023-02-21,550,N,VIIRS,l,2,293.52,12.77,N
-38.97977,-71.08272,313.28,0.51,0.48,2023-02-22,1714,N,VIIRS,l,2,298.85,5.84,D
-37.76393,-70.39750,348.17,0.59,0.38,2023-02-27,1812,N20,VIIRS,n,2,292.33,7.31,D
-38.80732,-71.22221,360.93,0.42,0.47,2023-03-01,1849,N20,VIIRS,n,2,299.77,18.41,D
-39.18658,-70.42380,335.61,0.45,0.45,2023-03-05,1704,N,VIIRS,n,2,280.42,22.26,D
-37.87905,-71.00481,356.59,0.41,0.41,2023-03-06,1744,N20,VIIRS,n,2,282.56,26.63,D
-37.79347,-71.08545,328.14,0.51,0.46,2023-03-07,1731,N20,VIIRS,l,2,295.20,23.16,D
-39.32365,-71.34081,314.48,0.45,0.48,2023-03-09,1824,N,VIIRS,n,2,291.62,7.70,D
-38.92416,-71.27860,331.06,0.52,0.43,2023-03-11,547,N20,VIIRS,n,2,294.29,12.40,N
-39.19972,-71.28696,309.53,0.40,0.38,2023-03-12,1857,N20,VIIRS,n,2,298.15,13.03,D
-40.14542,-71.45078,329.76,0.46,0.38,2023-03-25,501,N,VIIRS,h,2,301.35,15.13,N
-40.02642,-71.33893,330.82,0.50,0.40,2023-11-04,434,N,VIIRS,h,2,301.26,23.73,N
-37.86525,-71.00909,329.00,0.60,0.38,2023-11-09,1857,N,VIIRS,h,2,289.46,2.14,D
-38.87815,-70.15994,316.66,0.42,0.41,2023-11-10,400,N,VIIRS,l,2,294.48,29.73,N
-39.36557,-70.10722,316.16,0.52,0.45,2023-11-12,1806,N20,VIIRS,n,2,280.81,16.43,D
-39.36161,-71.15500,319.62,0.57,0.47,2023-11-14,1721,N20,VIIRS,n,2,288.90,17.47,D
-40.67389,-71.70054,343.33,0.50,0.40,2023-11-17,1832,N,VIIRS,n,2,299.93,15.09,D
-39.74419,-71.38880,340.21,0.46,0.43,2023-11-18,1754,N20,VIIRS,n,2,298.60,24.47,D
-40.16390,-71.36690,309.37,0.43,0.43,2023-11-21,1720,N,VIIRS,n,2,296.82,13.67,D
-38.96441,-70.52750,327.98,0.56,0.43,2023-11-23,436,N,VIIRS,n,2,284.17,15.57,N
-38.16256,-69.94288,348.17,0.43,0.46,2023-11-27,1838,N,VIIRS,h,2,290.11,11.08,D
-37.88118,-71.02590,347.22,0.54,0.44,2023-11-30,1808,N,VIIRS,l,2,289.58,24.91,D
-38.99636,-71.24723,338.00,0.55,0.49,2023-12-03,439,N,VIIRS,h,2,291.05,11.79,N
-40.77845,-71.61325,362.45,0.54,0.42,2023-12-07,412,N,VIIRS,n,2,286.29,2.74,N
-38.34650,-70.56436,366.81,0.39,0.47,2023-12-09,1726,N20,VIIRS,l,2,284.46,8.24,D
-37.86145,-71.19368,350.30,0.44,0.45,2023-12-10,553,N20,VIIRS,n,2,281.84,14.01,N
-37.86609,-71.18901,353.25,0.58,0.45,2023-12-12,529,N,VIIRS,n,2,291.49,13.34,N
-37.58351,-69.97506,353.42,0.60,0.40,2023-12-14,458,N,VIIRS,l,2,283.54,7.83,N
-40.12157,-71.33416,353.86,0.47,0.47,2023-12-15,547,N20,VIIRS,n,2,297.55,1.51,N
-39.00922,-71.23308,336.03,0.58,0.43,2023-12-16,536,N20,VIIRS,n,2,283.36,5.01,N
-37.93272,-70.45584,358.60,0.46,0.36,2023-12-18,1726,N,VIIRS,n,2,284.96,20.77,D
-40.05382,-71.38684,362.65,0.51,0.40,2023-12-21,1712,N,VIIRS,h,2,301.23,13.55,D
-39.34121,-70.91018,329.74,0.45,0.46,2023-12-24,552,N,VIIRS,h,2,290.39,24.83,N
-39.43946,-70.27790,322.92,0.40,0.38,2023-12-30,429,N,VIIRS,n,2,294.64,25.67,N
-37.83511,-70.54672,325.78,0.49,0.41,2023-12-31,424,N,VIIRS,n,2,297.54,5.38,N
-37.85305,-71.06664,307.65,0.49,0.37,2023-12-31,1748,N20,VIIRS,n,2,286.09,13.68,D
-37.84759,-70.96947,365.16,0.52,0.38,2024-01-06,1751,N20,VIIRS,l,2,280.33,13.80,D
-40.02886,-71.48514,326.21,0.50,0.40,2024-01-10,1826,N,VIIRS,n,2,290.80,11.87,D
-40.07292,-71.31345,309.24,0.52,0.45,2024-01-11,518,N20,VIIRS,h,2,288.71,25.92,N
-39.34823,-71.35116,326.71,0.46,0.38,2024-01-13,410,N,VIIRS,n,2,290.84,8.69,N
-39.01578,-71.18579,310.95,0.39,0.44,2024-01-13,529,N,VIIRS,l,2,296.49,16.66,N
-37.80407,-71.08450,323.98,0.46,0.38,2024-01-13,1804,N20,VIIRS,l,2,292.68,6.84,D
-38.81702,-71.34058,339.39,0.39,0.45,2024-01-16,405,N,VIIRS,n,2,293.79,20.41,N
-40.11685,-71.35714,307.24,0.59,0.48,2024-01-16,514,N20,VIIRS,n,2,290.40,3.07,N
-39.80483,-71.31004,355.18,0.60,0.45,2024-01-22,554,N,VIIRS,n,2,300.83,4.07,N
-37.83413,-71.13648,310.42,0.52,0.43,2024-01-22,1815,N20,VIIRS,l,2,280.86,7.16,D
-39.17459,-71.16716,321.66,0.46,0.37,2024-01-23,433,N,VIIRS,l,2,288.68,17.16,N
-39.03725,-71.31162,329.74,0.50,0.40,2024-01-24,1829,N,VIIRS,n,2,297.28,19.93,D
-38.86457,-71.15978,337.89,0.48,0.41,2024-01-26,412,N,VIIRS,n,2,280.85,11.55,N
-39.26283,-71.11487,350.95,0.47,0.36,2024-01-26,436,N,VIIRS,n,2,281.95,14.97,N
-37.84716,-71.09027,305.84,0.58,0.41,2024-01-28,434,N20,VIIRS,n,2,286.68,17.04,N
-40.67677,-71.69195,340.65,0.58,0.40,2024-01-29,407,N,VIIRS,l,2,291.82,8.61,N
-40.04959,-71.47815,352.55,0.47,0.36,2024-02-01,402,N20,VIIRS,h,2,296.79,19.48,N
-38.85935,-71.26509,317.61,0.54,0.44,2024-02-02,541,N,VIIRS,n,2,296.84,29.10,N
-38.83540,-71.10529,328.87,0.44,0.40,2024-02-02,1715,N,VIIRS,n,2,281.94,2.91,D
-37.82477,-70.97124,338.75,0.57,0.42,2024-02-03,420,N,VIIRS,n,2,283.82,27.53,N
-37.72781,-70.13418,340.87,0.44,0.50,2024-02-13,1739,N,VIIRS,h,2,296.93,2.67,D
-39.28397,-71.22347,307.64,0.55,0.41,2024-02-19,530,N20,VIIRS,n,2,300.32,11.64,N
-38.89942,-71.09696,313.64,0.54,0.42,2024-02-20,523,N20,VIIRS,l,2,299.17,21.28,N
-39.14695,-71.32525,331.81,0.51,0.46,2024-02-20,1809,N20,VIIRS,n,2,284.64,28.10,D
-40.09271,-71.44492,320.89,0.40,0.46,2024-02-23,457,N,VIIRS,l,2,291.04,29.81,N
-38.08978,-70.22906,330.61,0.44,0.37,2024-02-25,1710,N20,VIIRS,n,2,295.28,13.05,D
-37.90553,-71.14833,352.15,0.41,0.43,2024-02-26,524,N,VIIRS,n,2,282.51,14.50,N
-39.17216,-70.93639,325.33,0.43,0.36,2024-03-03,407,N,VIIRS,n,2,295.20,12.55,N
-37.85280,-71.11989,337.16,0.57,0.42,2024-03-07,1709,N,VIIRS,n,2,289.22,2.75,D
-39.81581,-71.26626,335.11,0.44,0.37,2024-03-08,1840,N,VIIRS,n,2,284.42,21.38,D
-37.67484,-69.89713,322.88,0.49,0.47,2024-03-13,1818,N20,VIIRS,n,2,296.50,18.91,D
-37.80007,-70.98752,345.39,0.54,0.45,2024-03-14,1827,N,VIIRS,n,2,288.32,28.89,D
-39.45871,-70.07168,335.41,0.50,0.42,2024-03-15,446,N,VIIRS,h,2,291.84,15.02,N
-39.28127,-70.51763,352.53,0.49,0.39,2024-03-17,1758,N20,VIIRS,n,2,285.50,16.95,D
-37.92888,-69.95496,321.11,0.42,0.39,2024-03-18,1748,N,VIIRS,h,2,281.18,27.20,D
-38.99597,-71.25942,309.68,0.52,0.49,2024-03-19,1855,N20,VIIRS,n,2,295.74,14.41,D
-38.95357,-70.22223,326.36,0.47,0.48,2024-03-22,1800,N20,VIIRS,h,2,286.40,14.32,D
-39.02882,-71.11661,322.99,0.58,0.44,2024-03-25,533,N,VIIRS,n,2,294.54,22.48,N
-38.72949,-70.43185,305.62,0.42,0.45,2024-03-25,554,N,VIIRS,l,2,299.12,29.49,N
-39.19700,-69.86173,310.70,0.41,0.41,2024-03-28,528,N,VIIRS,l,2,285.21,12.39,N
-37.80100,-71.14470,307.20,0.43,0.38,2024-03-30,453,N,VIIRS,n,2,293.47,22.45,N
-39.32051,-69.86751,351.47,0.52,0.36,2024-11-01,414,N,VIIRS,n,2,296.20,10.86,N
-37.58604,-70.08256,318.26,0.51,0.38,2024-11-07,1702,N20,VIIRS,n,2,295.94,29.89,D
-37.86339,-71.01439,327.65,0.51,0.46,2024-11-10,507,N,VIIRS,n,2,298.50,12.87,N
-38.88282,-71.09455,328.96,0.43,0.43,2024-11-10,512,N,VIIRS,h,2,294.05,19.67,N
-38.31170,-70.02534,308.48,0.47,0.49,2024-11-11,1832,N20,VIIRS,n,2,289.33,5.39,D
-39.03011,-71.06310,336.12,0.58,0.43,2024-11-21,1735,N,VIIRS,n,2,301.79,21.05,D
-37.97228,-70.45643,327.37,0.54,0.46,2024-11-22,534,N,VIIRS,n,2,284.41,27.79,N
-38.13924,-70.13281,334.06,0.52,0.44,2024-11-25,538,N20,VIIRS,n,2,301.17,13.00,N
-37.54425,-70.11712,333.63,0.57,0.40,2024-12-01,1702,N,VIIRS,n,2,289.06,7.74,D
-38.95202,-71.24878,310.52,0.57,0.49,2024-12-02,1707,N20,VIIRS,l,2,293.60,8.19,D
-37.91640,-71.16292,332.48,0.50,0.48,2024-12-05,1742,N20,VIIRS,l,2,290.44,15.21,D
-39.00440,-71.11647,309.65,0.51,0.38,2024-12-08,507,N,VIIRS,n,2,299.35,13.47,N
-37.85950,-70.98598,349.46,0.55,0.37,2024-12-12,405,N20,VIIRS,n,2,301.82,29.81,N
-37.90980,-71.17561,366.75,0.39,0.46,2024-12-12,1832,N20,VIIRS,n,2,291.30,16.72,D
-39.92546,-71.00995,330.77,0.54,0.44,2024-12-13,410,N,VIIRS,h,2,298.08,4.30,N
-40.09078,-71.48005,333.69,0.60,0.38,2024-12-13,1748,N,VIIRS,n,2,286.32,27.10,D
-40.15964,-71.32020,353.07,0.47,0.47,2024-12-13,1810,N20,VIIRS,n,2,283.54,12.92,D
-38.27400,-70.36203,349.87,0.50,0.39,2024-12-15,454,N20,VIIRS,l,2,290.11,14.13,N
-38.74621,-70.15439,311.38,0.60,0.37,2024-12-15,527,N,VIIRS,h,2,287.16,1.71,N
-39.40979,-70.50864,327.72,0.42,0.41,2024-12-15,1759,N20,VIIRS,l,2,286.38,16.40,D
-38.03784,-69.94585,322.17,0.46,0.44,2024-12-18,1854,N,VIIRS,n,2,298.09,4.01,D
-40.18170,-71.39627,320.12,0.54,0.37,2024-12-29,1749,N,VIIRS,h,2,285.10,16.14,D
-37.87246,-71.13440,364.29,0.52,0.42,2025-01-07,1826,N,VIIRS,n,2,292.58,16.91,D
-39.39131,-71.28508,355.46,0.44,0.44,2025-01-09,533,N20,VIIRS,n,2,280.50,20.99,N
-40.83163,-71.66998,307.16,0.44,0.43,2025-01-09,1723,N20,VIIRS,l,2,289.39,6.02,D
-39.80847,-71.10763,306.04,0.40,0.41,2025-01-10,1812,N20,VIIRS,n,2,287.95,6.49,D
-38.86512,-71.10205,320.41,0.47,0.39,2025-01-12,521,N20,VIIRS,n,2,291.57,1.65,N
-38.97489,-71.26257,358.79,0.43,0.41,2025-01-14,1849,N20,VIIRS,h,2,281.27,17.07,D
-37.85586,-70.98077,366.48,0.52,0.45,2025-01-16,519,N20,VIIRS,l,2,295.94,14.34,N
-38.89352,-71.13873,365.08,0.60,0.42,2025-01-16,1817,N,VIIRS,l,2,294.54,23.43,D
-40.14955,-71.35604,318.48,0.46,0.48,2025-01-18,400,N,VIIRS,n,2,301.17,19.11,N
-40.17256,-71.48706,312.87,0.52,0.43,2025-01-20,510,N20,VIIRS,n,2,285.88,16.41,N
-38.80947,-71.28475,311.76,0.40,0.42,2025-01-21,519,N,VIIRS,n,2,299.38,15.94,N
-39.03764,-71.15292,345.29,0.56,0.37,2025-01-21,1737,N20,VIIRS,n,2,285.71,14.61,D
-37.91222,-71.12927,355.23,0.52,0.38,2025-01-22,439,N20,VIIRS,h,2,297.94,6.48,N
-38.95765,-71.25699,312.00,0.58,0.39,2025-01-25,447,N20,VIIRS,h,2,284.24,22.07,N
-39.37006,-71.15787,365.48,0.43,0.44,2025-01-26,1729,N20,VIIRS,n,2,280.54,17.45,D
-40.13799,-71.40591,331.64,0.56,0.48,2025-01-26,1735,N,VIIRS,h,2,281.92,29.43,D
-40.04395,-71.43317,328.77,0.53,0.48,2025-01-31,1807,N,VIIRS,n,2,300.88,17.59,D
-37.78739,-70.97028,329.17,0.55,0.41,2025-02-01,1817,N20,VIIRS,n,2,300.93,19.55,D
-37.89816,-70.96139,330.94,0.58,0.41,2025-02-03,1823,N,VIIRS,l,2,290.85,9.92,D
-40.07580,-71.26865,363.91,0.53,0.46,2025-02-12,1842,N20,VIIRS,h,2,300.38,24.56,D
-39.24138,-70.10506,348.90,0.53,0.42,2025-02-13,454,N,VIIRS,h,2,296.08,14.57,N
-40.72880,-71.58494,306.75,0.50,0.42,2025-02-14,1743,N20,VIIRS,n,2,282.42,14.81,D
-37.77452,-71.02440,360.92,0.48,0.41,2025-02-18,1728,N,VIIRS,n,2,287.52,10.56,D
-37.51140,-70.26967,357.69,0.52,0.44,2025-02-19,419,N20,VIIRS,n,2,280.16,26.53,N
-38.99700,-71.11063,342.03,0.52,0.41,2025-02-21,1815,N20,VIIRS,n,2,294.93,15.59,D
-39.20168,-70.86266,311.50,0.44,0.49,2025-02-22,1746,N20,VIIRS,l,2,298.83,15.05,D
-39.26958,-70.98190,345.82,0.45,0.37,2025-02-26,1845,N20,VIIRS,l,2,300.54,17.52,D
-39.38722,-71.18333,330.90,0.43,0.39,2025-02-27,418,N,VIIRS,n,2,292.39,22.68,N
-40.11022,-71.27106,334.27,0.44,0.36,2025-03-02,1729,N,VIIRS,n,2,301.03,6.04,D
-37.87227,-71.04961,315.32,0.49,0.45,2025-03-02,1729,N20,VIIRS,n,2,280.67,15.89,D
-37.51424,-70.29086,329.01,0.56,0.44,2025-03-04,1834,N,VIIRS,l,2,289.06,26.39,D
-38.35760,-69.90900,361.11,0.59,0.39,2025-03-05,501,N20,VIIRS,n,2,283.18,12.01,N
-38.89683,-71.07509,315.86,0.44,0.48,2025-03-07,507,N,VIIRS,l,2,293.84,23.57,N
-40.19268,-71.28898,322.85,0.44,0.43,2025-03-08,1709,N,VIIRS,l,2,299.99,15.10,D
-38.71714,-69.80596,341.69,0.52,0.37,2025-03-09,555,N20,VIIRS,n,2,301.81,28.81,N
-38.37089,-70.12386,354.76,0.51,0.45,2025-03-10,1724,N20,VIIRS,n,2,283.18,5.97,D
-37.84273,-71.09448,313.06,0.49,0.48,2025-03-11,1736,N,VIIRS,n,2,282.88,4.33,D
-39.00748,-70.25569,314.58,0.46,0.44,2025-03-16,537,N,VIIRS,h,2,299.11,17.37,N
-38.76406,-70.04703,327.44,0.44,0.41,2025-03-17,427,N20,VIIRS,n,2,283.70,13.38,N
-39.37237,-71.23802,319.90,0.58,0.44,2025-03-18,437,N20,VIIRS,l,2,301.92,8.24,N
-38.51555,-70.39365,310.99,0.47,0.42,2025-03-21,1841,N,VIIRS,n,2,301.05,24.96,D
-39.78869,-71.01940,351.24,0.42,0.42,2025-03-25,1747,N,VIIRS,n,2,285.41,16.25,D
-38.52861,-70.31318,348.62,0.53,0.41,2025-03-26,405,N20,VIIRS,n,2,289.69,10.38,N
-39.40227,-69.87627,324.18,0.55,0.40,2025-03-26,1859,N20,VIIRS,n,2,283.36,13.03,D
-39.31961,-71.32616,314.77,0.54,0.42,2025-03-28,1841,N,VIIRS,l,2,296.34,5.71,D
-40.13353,-71.39188,333.68,0.50,0.45,2025-03-29,519,N,VIIRS,n,2,294.80,11.09,N
-39.32518,-69.89711,354.72,0.57,0.39,2025-03-31,457,N,VIIRS,h,2,298.57,19.66,N
