location_id,latitude,longitude,elevation,utc_offset_seconds,timezone,timezone_abbreviation
0,-40.11000,-71.37500,640.0,-10800,America/Argentina/Buenos_Aires,-03
1,-39.25000,-71.12500,900.0,-10800,America/Argentina/Buenos_Aires,-03
2,-40.75000,-71.67500,790.0,-10800,America/Argentina/Buenos_Aires,-03
3,-37.85000,-71.07500,1650.0,-10800,America/Argentina/Buenos_Aires,-03
4,-38.92500,-71.20000,1200.0,-10800,America/Argentina/Buenos_Aires,-03

location_id,time,temperature_2m_max (°C),relative_humidity_2m_min (%),wind_speed_10m_max (km/h),precipitation_sum (mm),temperature_2m_min (°C),wind_gusts_10m_max (km/h),wind_direction_10m_dominant (°),precipitation_probability_max (%),et0_fao_evapotranspiration (mm)
0,2026-01-19,24.1,22,28.4,0.0,8.2,45.0,265,5,5.8
0,2026-01-20,25.0,18,33.0,0.0,9.1,52.6,272,3,6.3
0,2026-01-21,26.3,20,25.2,0.0,10.4,41.8,258,8,6.0
1,2026-01-19,25.2,19,40.1,0.0,7.5,63.2,280,4,6.4
1,2026-01-20,26.5,15,46.5,0.0,8.8,72.4,285,2,7.1
1,2026-01-21,27.0,17,38.0,0.0,9.6,59.5,276,6,6.8
2,2026-01-19,23.0,38,15.2,0.4,6.9,27.4,240,35,4.6
2,2026-01-20,25.5,35,16.5,0.0,7.8,29.9,250,20,5.0
2,2026-01-21,22.8,42,20.3,1.2,8.3,35.6,235,55,4.1
3,2026-01-19,30.2,17,41.0,0.0,11.3,64.8,288,2,7.2
3,2026-01-20,31.5,15,46.5,0.0,12.6,73.1,292,1,7.6
3,2026-01-21,29.8,19,35.5,0.0,12.0,57.0,284,4,7.0
4,2026-01-19,24.0,31,27.4,0.0,8.0,44.1,270,10,5.5
4,2026-01-20,24.1,31,30.5,0.0,8.4,48.9,275,8,5.6
4,2026-01-21,25.8,30,28.1,0.0,9.2,45.7,268,12,5.9
